{"cameraMode":{"drawMode":0,"name":"Shaded","section":"Shading Mode"},"sceneLighting":true,"audioPlay":false,"sceneViewState":{"m_AlwaysRefresh":false,"showFog":true,"showSkybox":true,"showFlares":true,"showImageEffects":true,"showParticleSystems":true,"showVisualEffectGraphs":true,"m_FxEnabled":true},"in2DMode":false,"pivot":{"x":-0.2530444264411926,"y":2.921680212020874,"z":-0.07476300001144409},"rotation":{"x":-0.17767846584320069,"y":0.04436344653367996,"z":-0.00801820121705532,"w":-0.9830605983734131},"size":2.256442070007324,"orthographic":false}